alumno1@dominio.com,NombreAlumno1 ApellidoAlumno1,usuario1
alumno2@dominio.com,NombreAlumno2 ApellidoAlumno2,usuario2
alumno3@dominio.com,NombreAlumno3 ApellidoAlumno3,usuario3
alumno4@dominio.com,NombreAlumno4 ApellidoAlumno4,usuario4
alumno5@dominio.com,NombreAlumno5 ApellidoAlumno5,usuario5
alumno6@dominio,NombreAlumno6 ApellidoAlumno6,usuario6
@dominio.com,NombreAlumno7 ApellidoAlumno7,usuario7
NombreAlumno8 ApellidoAlumno8,usuario8
alumno9@dominio.com,,usuario9
alumno10@dominio.com,NombreAlumno10 ApellidoAlumno10
alumno11@.com,NombreAlumno11 ApellidoAlumno11,usuario11
alumno12@.com,NombreAlumno12 ApellidoAlumno12,

,,
alumno15@dominio.com,NombreAlumno15 ApellidoAlumno15,usuario15,password15
alumno1@dominio.com,NombreAlumno16 ApellidoAlumno16,usuario16
alumno17@dominio.com,NombreAlumno17 ApellidoAlumno17,usuario17
alumno18@dominio.com,NombreAlumno18 ApellidoAlumno18,usuario18
alumno19@dominio.com,NombreAlumno1 ApellidoAlumno16,
alumno20@dominio.com,NombreAlumno17 ApellidoAlumno17,usuario17
alumno21@dominio.com,,usuario18
alumno22@dominio.com,NombreAlumno22 ApellidoAlumno22,usuario22
alumno23@dominio.com,NombreAlumno23 ApellidoAlumno23,usuario23
alumno23@dominio.com,NombreAlumno24 ApellidoAlumno24,usuario24
alumno25@dominio.,NombreAlumno25 ApellidoAlumno25,usuario25